Algorithm,Problem,Seed,Best_Fitness,Optimal,Gap_Percent,Time_Seconds,Generations_Run,Gens_to_95_Percent,Final_Diversity
WCGGA,n_800_c_1000000_g_6_f_0.1_eps_0.01_s_300,0,1007771.0,1036114,2.7355097991147694,1200.9768373966217,697,0,0.01821079383680556
WCGGA,n_800_c_1000000_g_6_f_0.1_eps_0.01_s_300,1,1007769.0,1036114,2.735702828067182,1200.9768528938293,710,0,0.024674900607638887
WCGGA,n_800_c_1000000_g_6_f_0.1_eps_0.01_s_300,2,1007769.0,1036114,2.735702828067182,1200.0923006534576,703,0,0.02431253515625
WCGGA,n_800_c_1000000_g_6_f_0.1_eps_0.01_s_300,3,1007773.0,1036114,2.7353167701623566,1200.9364919662476,706,0,0.024824552300347223
WCGGA,n_800_c_1000000_g_6_f_0.1_eps_0.01_s_300,4,1007788.0,1036114,2.7338690530192626,1201.1615808010101,693,0,0.01853722417534722
WCGGA,n_800_c_1000000_g_6_f_0.1_eps_0.01_s_300,5,1007776.0,1036114,2.7350272267337377,1200.4882333278656,709,0,0.025214053602430554
WCGGA,n_800_c_1000000_g_6_f_0.1_eps_0.01_s_300,6,1007789.0,1036114,2.733772538543056,1201.2305750846863,705,0,0.023510103949652777
WCGGA,n_800_c_1000000_g_6_f_0.1_eps_0.01_s_300,7,1007771.0,1036114,2.7355097991147694,1201.4422557353973,709,0,0.024644709635416668
WCGGA,n_800_c_1000000_g_6_f_0.1_eps_0.01_s_300,8,1007771.0,1036114,2.7355097991147694,1200.2759020328522,702,0,0.02494483181423611
WCGGA,n_800_c_1000000_g_6_f_0.1_eps_0.01_s_300,9,1007761.0,1036114,2.736474943876832,1200.5071239471436,709,0,0.025426783854166666
WCGGA,n_800_c_1000000_g_6_f_0.1_eps_0.01_s_300,10,1007783.0,1036114,2.734351625400294,1200.0890574455261,696,0,0.02533328276909723
WCGGA,n_800_c_1000000_g_6_f_0.1_eps_0.01_s_300,11,1007772.0,1036114,2.735413284638563,1201.4059727191925,704,0,0.020135606987847224
WCGGA,n_800_c_1000000_g_6_f_0.1_eps_0.01_s_300,12,1007757.0,1036114,2.7368610017816573,1200.8311219215393,706,0,0.01673181662326389
WCGGA,n_800_c_1000000_g_6_f_0.1_eps_0.01_s_300,13,1007772.0,1036114,2.735413284638563,1200.4118003845215,692,0,0.019989650824652778
WCGGA,n_800_c_1000000_g_6_f_0.1_eps_0.01_s_300,14,1007771.0,1036114,2.7355097991147694,1201.3542456626892,695,0,0.019585821180555556
WCGGA,n_800_c_1000000_g_6_f_0.1_eps_0.01_s_300,15,1007792.0,1036114,2.7334829951144375,1200.0602912902832,710,0,0.024118409288194448
WCGGA,n_800_c_1000000_g_6_f_0.1_eps_0.01_s_300,16,1007778.0,1036114,2.7348341977813253,1201.5458385944366,709,0,0.024739083984375
WCGGA,n_800_c_1000000_g_6_f_0.1_eps_0.01_s_300,17,1007775.0,1036114,2.7351237412099443,1201.43630361557,714,0,0.024373734375
WCGGA,n_800_c_1000000_g_6_f_0.1_eps_0.01_s_300,18,1007768.0,1036114,2.735799342543388,1200.0599706172943,704,0,0.025202713107638886
WCGGA,n_800_c_1000000_g_6_f_0.1_eps_0.01_s_300,19,1007777.0,1036114,2.7349307122575315,1200.5327639579773,713,0,0.02366962434895833
WCGGA,n_800_c_1000000_g_6_f_0.1_eps_0.01_s_300,20,1007758.0,1036114,2.736764487305451,1201.5072906017303,699,0,0.019798024956597226
WCGGA,n_800_c_1000000_g_6_f_0.1_eps_0.01_s_300,21,1007774.0,1036114,2.7352202556861505,1200.9051897525787,713,0,0.024173734375
WCGGA,n_800_c_1000000_g_6_f_0.1_eps_0.01_s_300,22,1007760.0,1036114,2.7365714583530383,1201.062441110611,710,0,0.026004600477430556
WCGGA,n_800_c_1000000_g_6_f_0.1_eps_0.01_s_300,23,1007755.0,1036114,2.7370540307340696,1200.8302884101868,708,0,0.01619490407986111
WCGGA,n_800_c_1000000_g_6_f_0.1_eps_0.01_s_300,24,1007767.0,1036114,2.7358958570195946,1200.663367509842,703,0,0.025822702256944448
WCGGA,n_800_c_1000000_g_6_f_0.1_eps_0.01_s_300,25,1007766.0,1036114,2.7359923714958008,1201.5856816768646,702,0,0.024495692274305557
WCGGA,n_800_c_1000000_g_6_f_0.1_eps_0.01_s_300,26,1007777.0,1036114,2.7349307122575315,1200.7256000041962,710,0,0.02542525217013889
WCGGA,n_800_c_1000000_g_6_f_0.1_eps_0.01_s_300,27,1007773.0,1036114,2.7353167701623566,1201.0681495666504,712,0,0.024343221137152773
WCGGA,n_800_c_1000000_g_6_f_0.1_eps_0.01_s_300,28,1007788.0,1036114,2.7338690530192626,1200.572196483612,706,0,0.025373488498263888
WCGGA,n_800_c_1000000_g_6_f_0.1_eps_0.01_s_300,29,1007771.0,1036114,2.7355097991147694,1200.267809867859,697,0,0.026606744357638892
CGGA,n_800_c_1000000_g_6_f_0.1_eps_0.01_s_300,0,1007762.0,1036114,2.736378429400626,1201.4596972465515,687,0,0.018426421657986115
CGGA,n_800_c_1000000_g_6_f_0.1_eps_0.01_s_300,1,1007802.0,1036114,2.7325178503523744,1201.0860393047333,690,0,0.027785844184027783
CGGA,n_800_c_1000000_g_6_f_0.1_eps_0.01_s_300,2,1007758.0,1036114,2.736764487305451,1200.1304244995117,678,0,0.019207198784722223
CGGA,n_800_c_1000000_g_6_f_0.1_eps_0.01_s_300,3,1007789.0,1036114,2.733772538543056,1200.303538799286,702,0,0.026281198133680555
CGGA,n_800_c_1000000_g_6_f_0.1_eps_0.01_s_300,4,1007794.0,1036114,2.7332899661620247,1200.238576889038,698,0,0.027519447699652776
CGGA,n_800_c_1000000_g_6_f_0.1_eps_0.01_s_300,5,1007770.0,1036114,2.7356063135909756,1201.650514125824,686,0,0.017926522569444443
CGGA,n_800_c_1000000_g_6_f_0.1_eps_0.01_s_300,6,1007768.0,1036114,2.735799342543388,1201.2068300247192,694,0,0.025931593967013892
CGGA,n_800_c_1000000_g_6_f_0.1_eps_0.01_s_300,7,1007788.0,1036114,2.7338690530192626,1201.6817548274994,692,0,0.019022664713541665
CGGA,n_800_c_1000000_g_6_f_0.1_eps_0.01_s_300,8,1007767.0,1036114,2.7358958570195946,1200.276077747345,694,0,0.02536533767361111
CGGA,n_800_c_1000000_g_6_f_0.1_eps_0.01_s_300,9,1007778.0,1036114,2.7348341977813253,1201.3912336826324,704,0,0.02468364409722222
CGGA,n_800_c_1000000_g_6_f_0.1_eps_0.01_s_300,10,1007819.0,1036114,2.730877104256867,1200.4231796264648,690,0,0.028063521050347217
CGGA,n_800_c_1000000_g_6_f_0.1_eps_0.01_s_300,11,1007846.0,1036114,2.7282712133992977,1200.212643146515,701,0,0.02623952734375
CGGA,n_800_c_1000000_g_6_f_0.1_eps_0.01_s_300,12,1007785.0,1036114,2.734158596447881,1200.1972501277924,693,0,0.017879805121527776
CGGA,n_800_c_1000000_g_6_f_0.1_eps_0.01_s_300,13,1007784.0,1036114,2.734255110924088,1201.3838603496552,699,0,0.025508289713541667
CGGA,n_800_c_1000000_g_6_f_0.1_eps_0.01_s_300,14,1007786.0,1036114,2.734062081971675,1200.4662761688232,687,0,0.01924455078125
CGGA,n_800_c_1000000_g_6_f_0.1_eps_0.01_s_300,15,1007768.0,1036114,2.735799342543388,1201.4772701263428,693,0,0.027854059895833335
CGGA,n_800_c_1000000_g_6_f_0.1_eps_0.01_s_300,16,1007823.0,1036114,2.7304910463520424,1201.5079882144928,700,0,0.026351329427083334
CGGA,n_800_c_1000000_g_6_f_0.1_eps_0.01_s_300,17,1007800.0,1036114,2.732710879304787,1200.9278094768524,700,0,0.02659429969618056
CGGA,n_800_c_1000000_g_6_f_0.1_eps_0.01_s_300,18,1007792.0,1036114,2.7334829951144375,1200.883395910263,688,0,0.018086073567708336
CGGA,n_800_c_1000000_g_6_f_0.1_eps_0.01_s_300,19,1007800.0,1036114,2.732710879304787,1200.2117683887482,701,0,0.026566154079861116
CGGA,n_800_c_1000000_g_6_f_0.1_eps_0.01_s_300,20,1007812.0,1036114,2.7315527055903113,1200.8704714775085,696,0,0.02766578428819445
CGGA,n_800_c_1000000_g_6_f_0.1_eps_0.01_s_300,21,1007783.0,1036114,2.734351625400294,1201.535968542099,693,0,0.02676793706597222
CGGA,n_800_c_1000000_g_6_f_0.1_eps_0.01_s_300,22,1007755.0,1036114,2.7370540307340696,1201.6556901931763,686,0,0.019025364583333336
CGGA,n_800_c_1000000_g_6_f_0.1_eps_0.01_s_300,23,1007780.0,1036114,2.734641168828913,1200.886522769928,691,0,0.018507049262152776
CGGA,n_800_c_1000000_g_6_f_0.1_eps_0.01_s_300,24,1007783.0,1036114,2.734351625400294,1201.188859462738,702,0,0.02686560373263889
CGGA,n_800_c_1000000_g_6_f_0.1_eps_0.01_s_300,25,1007822.0,1036114,2.7305875608282486,1200.8928501605988,700,0,0.026560736762152776
CGGA,n_800_c_1000000_g_6_f_0.1_eps_0.01_s_300,26,1007772.0,1036114,2.735413284638563,1200.614851474762,697,0,0.025949259331597224
CGGA,n_800_c_1000000_g_6_f_0.1_eps_0.01_s_300,27,1007789.0,1036114,2.733772538543056,1200.513932466507,703,0,0.02734690993923611
CGGA,n_800_c_1000000_g_6_f_0.1_eps_0.01_s_300,28,1007758.0,1036114,2.736764487305451,1201.316593170166,690,0,0.019286382378472224
CGGA,n_800_c_1000000_g_6_f_0.1_eps_0.01_s_300,29,1007785.0,1036114,2.734158596447881,1200.0536286830902,696,0,0.02562892708333333
WCGGA,n_800_c_10000000000_g_10_f_0.3_eps_0_s_200,0,9980515067.0,9980515157,9.01757059472797e-07,1201.1308674812317,534,0,0.029052169270833334
WCGGA,n_800_c_10000000000_g_10_f_0.3_eps_0_s_200,1,9980515092.0,9980515157,6.5126898739702e-07,1200.575439453125,535,0,0.028000083116319442
WCGGA,n_800_c_10000000000_g_10_f_0.3_eps_0_s_200,2,9980515083.0,9980515157,7.414446933442997e-07,1201.8369147777557,541,0,0.027779809678819444
WCGGA,n_800_c_10000000000_g_10_f_0.3_eps_0_s_200,3,9980515056.0,9980515157,1.0119718111861388e-06,1200.3113594055176,538,0,0.027936880208333337
WCGGA,n_800_c_10000000000_g_10_f_0.3_eps_0_s_200,4,9980515069.0,9980515157,8.817180137067348e-07,1200.2706859111786,536,0,0.02689590169270834
WCGGA,n_800_c_10000000000_g_10_f_0.3_eps_0_s_200,5,9980515088.0,9980515157,6.913470789291443e-07,1201.599535703659,537,0,0.02718467751736111
WCGGA,n_800_c_10000000000_g_10_f_0.3_eps_0_s_200,6,9980515065.0,9980515157,9.21796105238859e-07,1200.1122424602509,537,0,0.027565177951388888
WCGGA,n_800_c_10000000000_g_10_f_0.3_eps_0_s_200,7,9980515089.0,9980515157,6.813275560461132e-07,1200.8921248912811,536,0,0.026918915798611113
WCGGA,n_800_c_10000000000_g_10_f_0.3_eps_0_s_200,8,9980515068.0,9980515157,8.917375365897658e-07,1200.986781835556,535,0,0.027139141710069446
WCGGA,n_800_c_10000000000_g_10_f_0.3_eps_0_s_200,9,9980515063.0,9980515157,9.418351510049212e-07,1200.939241886139,539,0,0.028137366102430558
WCGGA,n_800_c_10000000000_g_10_f_0.3_eps_0_s_200,10,9980515050.0,9980515157,1.0720889484843252e-06,1201.8641641139984,534,0,0.029174153211805557
WCGGA,n_800_c_10000000000_g_10_f_0.3_eps_0_s_200,11,9980515075.0,9980515157,8.216008764085482e-07,1201.0327777862549,541,0,0.02724177039930556
WCGGA,n_800_c_10000000000_g_10_f_0.3_eps_0_s_200,12,9980515077.0,9980515157,8.015618306424861e-07,1201.6279242038727,535,0,0.028739334635416666
WCGGA,n_800_c_10000000000_g_10_f_0.3_eps_0_s_200,13,9980515067.0,9980515157,9.01757059472797e-07,1200.4198446273804,539,0,0.027759681206597223
WCGGA,n_800_c_10000000000_g_10_f_0.3_eps_0_s_200,14,9980515100.0,9980515157,5.711128043327714e-07,1201.301165819168,537,0,0.026978196180555556
WCGGA,n_800_c_10000000000_g_10_f_0.3_eps_0_s_200,15,9980515018.0,9980515157,1.3927136807413195e-06,1200.087577342987,532,0,0.029345074652777775
WCGGA,n_800_c_10000000000_g_10_f_0.3_eps_0_s_200,16,9980515124.0,9980515157,3.3064425514002554e-07,1201.5981018543243,533,0,0.027731394531250002
WCGGA,n_800_c_10000000000_g_10_f_0.3_eps_0_s_200,17,9980515062.0,9980515157,9.518546738879522e-07,1201.088439464569,540,0,0.027970534505208335
WCGGA,n_800_c_10000000000_g_10_f_0.3_eps_0_s_200,18,9980515038.0,9980515157,1.1923232230806982e-06,1200.768081188202,534,0,0.029411501736111113
WCGGA,n_800_c_10000000000_g_10_f_0.3_eps_0_s_200,19,9980515068.0,9980515157,8.917375365897658e-07,1201.5194926261902,542,0,0.027580228081597224
WCGGA,n_800_c_10000000000_g_10_f_0.3_eps_0_s_200,20,9980515083.0,9980515157,7.414446933442997e-07,1200.348219871521,533,0,0.02985288585069444
WCGGA,n_800_c_10000000000_g_10_f_0.3_eps_0_s_200,21,9980515059.0,9980515157,9.819132425370456e-07,1201.9567999839783,542,0,0.026974844618055552
WCGGA,n_800_c_10000000000_g_10_f_0.3_eps_0_s_200,22,9980515087.0,9980515157,7.013666018121754e-07,1200.367393732071,536,0,0.028682939887152776
WCGGA,n_800_c_10000000000_g_10_f_0.3_eps_0_s_200,23,9980515093.0,9980515157,6.412494645139889e-07,1200.4618639945984,535,0,0.026146840494791667
WCGGA,n_800_c_10000000000_g_10_f_0.3_eps_0_s_200,24,9980515114.0,9980515157,4.308394839703363e-07,1201.8158648014069,537,0,0.028217860460069445
WCGGA,n_800_c_10000000000_g_10_f_0.3_eps_0_s_200,25,9980515104.0,9980515157,5.310347128006471e-07,1200.6933424472809,533,0,0.027693226345486117
WCGGA,n_800_c_10000000000_g_10_f_0.3_eps_0_s_200,26,9980515081.0,9980515157,7.614837391103619e-07,1200.423707485199,532,0,0.02808401519097222
WCGGA,n_800_c_10000000000_g_10_f_0.3_eps_0_s_200,27,9980515089.0,9980515157,6.813275560461132e-07,1200.1497964859009,541,0,0.026520347873263884
WCGGA,n_800_c_10000000000_g_10_f_0.3_eps_0_s_200,28,9980515044.0,9980515157,1.1322060857825116e-06,1201.336392879486,535,0,0.02803692361111111
WCGGA,n_800_c_10000000000_g_10_f_0.3_eps_0_s_200,29,9980515076.0,9980515157,8.115813535255172e-07,1201.9753625392914,536,0,0.02692289930555556
CGGA,n_800_c_10000000000_g_10_f_0.3_eps_0_s_200,0,9980514953.0,9980515157,2.0439826681383396e-06,1201.9738199710846,540,0,0.03208637044270834
CGGA,n_800_c_10000000000_g_10_f_0.3_eps_0_s_200,1,9980514977.0,9980515157,1.803514118945594e-06,1201.222787618637,537,0,0.030478164713541665
CGGA,n_800_c_10000000000_g_10_f_0.3_eps_0_s_200,2,9980514960.0,9980515157,1.973846007957122e-06,1201.1285915374756,535,0,0.03009779253472222
CGGA,n_800_c_10000000000_g_10_f_0.3_eps_0_s_200,3,9980514981.0,9980515157,1.7634360274134697e-06,1201.2846975326538,536,0,0.03153378645833334
CGGA,n_800_c_10000000000_g_10_f_0.3_eps_0_s_200,4,9980514986.0,9980515157,1.713338412998314e-06,1200.6089046001434,542,0,0.030132834418402782
CGGA,n_800_c_10000000000_g_10_f_0.3_eps_0_s_200,5,9980514970.0,9980515157,1.8736507791268112e-06,1201.914739370346,543,0,0.029038808810763886
CGGA,n_800_c_10000000000_g_10_f_0.3_eps_0_s_200,6,9980514994.0,9980515157,1.6331822299340657e-06,1201.6393465995789,536,0,0.03126854318576389
CGGA,n_800_c_10000000000_g_10_f_0.3_eps_0_s_200,7,9980514957.0,9980515157,2.003904576606215e-06,1201.4292061328888,541,0,0.03029886111111111
CGGA,n_800_c_10000000000_g_10_f_0.3_eps_0_s_200,8,9980514942.0,9980515157,2.1541974198516816e-06,1200.0209395885468,537,0,0.03070766623263889
CGGA,n_800_c_10000000000_g_10_f_0.3_eps_0_s_200,9,9980514964.0,9980515157,1.933767916424998e-06,1200.192979335785,539,0,0.03038795377604167
CGGA,n_800_c_10000000000_g_10_f_0.3_eps_0_s_200,10,9980514943.0,9980515157,2.1441778969686504e-06,1201.2678053379059,536,0,0.030477003038194447
CGGA,n_800_c_10000000000_g_10_f_0.3_eps_0_s_200,11,9980514975.0,9980515157,1.823553164711656e-06,1202.0474934577942,535,0,0.030064423394097223
CGGA,n_800_c_10000000000_g_10_f_0.3_eps_0_s_200,12,9980514981.0,9980515157,1.7634360274134697e-06,1201.0963253974915,541,0,0.029587084418402777
CGGA,n_800_c_10000000000_g_10_f_0.3_eps_0_s_200,13,9980514950.0,9980515157,2.074041236787433e-06,1200.285433769226,540,0,0.03139168836805556
CGGA,n_800_c_10000000000_g_10_f_0.3_eps_0_s_200,14,9980514974.0,9980515157,1.8335726875946873e-06,1201.5121829509735,538,0,0.030733080295138892
CGGA,n_800_c_10000000000_g_10_f_0.3_eps_0_s_200,15,9980514928.0,9980515157,2.2944707402141163e-06,1201.3101103305817,542,0,0.029659211154513886
CGGA,n_800_c_10000000000_g_10_f_0.3_eps_0_s_200,16,9980515004.0,9980515157,1.5329870011037547e-06,1201.5508127212524,541,0,0.03054427560763889
CGGA,n_800_c_10000000000_g_10_f_0.3_eps_0_s_200,17,9980515044.0,9980515157,1.1322060857825116e-06,1201.1154596805573,538,0,0.028982667100694446
CGGA,n_800_c_10000000000_g_10_f_0.3_eps_0_s_200,18,9980514933.0,9980515157,2.244373125798961e-06,1201.0976068973541,537,0,0.03124678276909722
CGGA,n_800_c_10000000000_g_10_f_0.3_eps_0_s_200,19,9980515004.0,9980515157,1.5329870011037547e-06,1200.1281909942627,539,0,0.031218345920138887
CGGA,n_800_c_10000000000_g_10_f_0.3_eps_0_s_200,20,9980515007.0,9980515157,1.5029284324546615e-06,1201.1650087833405,541,0,0.03183986501736111
CGGA,n_800_c_10000000000_g_10_f_0.3_eps_0_s_200,21,9980514962.0,9980515157,1.95380696219106e-06,1200.1393342018127,535,0,0.03168649088541667
CGGA,n_800_c_10000000000_g_10_f_0.3_eps_0_s_200,22,9980514950.0,9980515157,2.074041236787433e-06,1200.7805173397064,539,0,0.03163487955729167
CGGA,n_800_c_10000000000_g_10_f_0.3_eps_0_s_200,23,9980514973.0,9980515157,1.843592210477718e-06,1200.4764931201935,540,0,0.0303196484375
CGGA,n_800_c_10000000000_g_10_f_0.3_eps_0_s_200,24,9980514942.0,9980515157,2.1541974198516816e-06,1200.6447656154633,544,0,0.028348508680555558
CGGA,n_800_c_10000000000_g_10_f_0.3_eps_0_s_200,25,9980514975.0,9980515157,1.823553164711656e-06,1201.9830672740936,539,0,0.02940465364583333
CGGA,n_800_c_10000000000_g_10_f_0.3_eps_0_s_200,26,9980515029.0,9980515157,1.2824989290279777e-06,1201.1366176605225,542,0,0.02995437760416667
CGGA,n_800_c_10000000000_g_10_f_0.3_eps_0_s_200,27,9980515005.0,9980515157,1.5229674782207237e-06,1200.344408273697,537,0,0.028990138888888888
CGGA,n_800_c_10000000000_g_10_f_0.3_eps_0_s_200,28,9980514974.0,9980515157,1.8335726875946873e-06,1201.4538481235504,537,0,0.030724404730902776
CGGA,n_800_c_10000000000_g_10_f_0.3_eps_0_s_200,29,9980514963.0,9980515157,1.943787439308029e-06,1200.9097769260406,543,0,0.029830694227430555
WCGGA,n_1000_c_1000000_g_14_f_0.2_eps_0.1_s_200,0,1008665.0,1008699,0.0033706784680068084,1200.893042087555,552,0,0.02541450625
WCGGA,n_1000_c_1000000_g_14_f_0.2_eps_0.1_s_200,1,1008662.0,1008699,0.0036680912740074097,1202.0559141635895,550,0,0.02717097013888889
WCGGA,n_1000_c_1000000_g_14_f_0.2_eps_0.1_s_200,2,1008676.0,1008699,0.002280164846004606,1200.2908866405487,556,0,0.02541101302083333
WCGGA,n_1000_c_1000000_g_14_f_0.2_eps_0.1_s_200,3,1008670.0,1008699,0.0028749904580058073,1201.900752544403,551,0,0.025889728472222224
WCGGA,n_1000_c_1000000_g_14_f_0.2_eps_0.1_s_200,4,1008672.0,1008699,0.002676715254005407,1201.3057041168213,551,0,0.026459915625
WCGGA,n_1000_c_1000000_g_14_f_0.2_eps_0.1_s_200,5,1008669.0,1008699,0.0029741280600060075,1200.1944212913513,551,0,0.026580482291666666
WCGGA,n_1000_c_1000000_g_14_f_0.2_eps_0.1_s_200,6,1008668.0,1008699,0.0030732656620062076,1201.3889679908752,549,0,0.026160596354166663
WCGGA,n_1000_c_1000000_g_14_f_0.2_eps_0.1_s_200,7,1008671.0,1008699,0.002775852856005607,1201.0828182697296,560,0,0.02548550277777778
WCGGA,n_1000_c_1000000_g_14_f_0.2_eps_0.1_s_200,8,1008676.0,1008699,0.002280164846004606,1200.5713500976562,551,0,0.02616111423611111
WCGGA,n_1000_c_1000000_g_14_f_0.2_eps_0.1_s_200,9,1008668.0,1008699,0.0030732656620062076,1201.0814576148987,553,0,0.025320556250000004
WCGGA,n_1000_c_1000000_g_14_f_0.2_eps_0.1_s_200,10,1008668.0,1008699,0.0030732656620062076,1200.6996653079987,550,0,0.02525836232638889
WCGGA,n_1000_c_1000000_g_14_f_0.2_eps_0.1_s_200,11,1008668.0,1008699,0.0030732656620062076,1201.8109600543976,552,0,0.024930789930555555
WCGGA,n_1000_c_1000000_g_14_f_0.2_eps_0.1_s_200,12,1008671.0,1008699,0.002775852856005607,1200.4736866950989,550,0,0.026788482986111112
WCGGA,n_1000_c_1000000_g_14_f_0.2_eps_0.1_s_200,13,1008663.0,1008699,0.003568953672007209,1201.336877822876,556,0,0.026120435416666667
WCGGA,n_1000_c_1000000_g_14_f_0.2_eps_0.1_s_200,14,1008672.0,1008699,0.002676715254005407,1201.7288310527802,560,0,0.025747028645833333
WCGGA,n_1000_c_1000000_g_14_f_0.2_eps_0.1_s_200,15,1008672.0,1008699,0.002676715254005407,1200.2916417121887,551,0,0.024551753645833337
WCGGA,n_1000_c_1000000_g_14_f_0.2_eps_0.1_s_200,16,1008672.0,1008699,0.002676715254005407,1200.3929030895233,554,0,0.026061409375
WCGGA,n_1000_c_1000000_g_14_f_0.2_eps_0.1_s_200,17,1008676.0,1008699,0.002280164846004606,1201.4866127967834,557,0,0.0243719296875
WCGGA,n_1000_c_1000000_g_14_f_0.2_eps_0.1_s_200,18,1008670.0,1008699,0.0028749904580058073,1200.8480424880981,555,0,0.024996011979166666
WCGGA,n_1000_c_1000000_g_14_f_0.2_eps_0.1_s_200,19,1008670.0,1008699,0.0028749904580058073,1201.1372945308685,550,0,0.025685223958333333
WCGGA,n_1000_c_1000000_g_14_f_0.2_eps_0.1_s_200,20,1008672.0,1008699,0.002676715254005407,1200.2586262226105,549,0,0.02590521059027778
WCGGA,n_1000_c_1000000_g_14_f_0.2_eps_0.1_s_200,21,1008669.0,1008699,0.0029741280600060075,1201.9254293441772,556,0,0.026488506944444445
WCGGA,n_1000_c_1000000_g_14_f_0.2_eps_0.1_s_200,22,1008676.0,1008699,0.002280164846004606,1201.622974872589,552,0,0.0247229859375
WCGGA,n_1000_c_1000000_g_14_f_0.2_eps_0.1_s_200,23,1008667.0,1008699,0.003172403264006408,1200.1901559829712,557,0,0.025868181944444443
WCGGA,n_1000_c_1000000_g_14_f_0.2_eps_0.1_s_200,24,1008666.0,1008699,0.0032715408660066087,1201.0052847862244,552,0,0.025536142881944442
WCGGA,n_1000_c_1000000_g_14_f_0.2_eps_0.1_s_200,25,1008669.0,1008699,0.0029741280600060075,1200.9884135723114,554,0,0.026167970659722223
WCGGA,n_1000_c_1000000_g_14_f_0.2_eps_0.1_s_200,26,1008670.0,1008699,0.0028749904580058073,1201.7438774108887,558,0,0.023836553472222223
WCGGA,n_1000_c_1000000_g_14_f_0.2_eps_0.1_s_200,27,1008672.0,1008699,0.002676715254005407,1201.9903817176819,554,0,0.025227839583333335
WCGGA,n_1000_c_1000000_g_14_f_0.2_eps_0.1_s_200,28,1008669.0,1008699,0.0029741280600060075,1201.2891170978546,553,0,0.02505267586805555
WCGGA,n_1000_c_1000000_g_14_f_0.2_eps_0.1_s_200,29,1008672.0,1008699,0.002676715254005407,1201.8939836025238,558,0,0.025587958333333334
CGGA,n_1000_c_1000000_g_14_f_0.2_eps_0.1_s_200,0,1008671.0,1008699,0.002775852856005607,1201.2313113212585,551,0,0.0265072078125
CGGA,n_1000_c_1000000_g_14_f_0.2_eps_0.1_s_200,1,1008676.0,1008699,0.002280164846004606,1201.1576821804047,549,0,0.02528658333333333
CGGA,n_1000_c_1000000_g_14_f_0.2_eps_0.1_s_200,2,1008671.0,1008699,0.002775852856005607,1200.9572110176086,547,0,0.02752163767361111
CGGA,n_1000_c_1000000_g_14_f_0.2_eps_0.1_s_200,3,1008669.0,1008699,0.0029741280600060075,1201.6723537445068,551,0,0.025970240277777775
CGGA,n_1000_c_1000000_g_14_f_0.2_eps_0.1_s_200,4,1008672.0,1008699,0.002676715254005407,1200.0468668937683,552,0,0.02519646423611111
CGGA,n_1000_c_1000000_g_14_f_0.2_eps_0.1_s_200,5,1008672.0,1008699,0.002676715254005407,1201.188764333725,547,0,0.0256398203125
CGGA,n_1000_c_1000000_g_14_f_0.2_eps_0.1_s_200,6,1008659.0,1008699,0.0039655040800080105,1200.3474435806274,545,0,0.026549340277777774
CGGA,n_1000_c_1000000_g_14_f_0.2_eps_0.1_s_200,7,1008669.0,1008699,0.0029741280600060075,1201.420242547989,548,0,0.02450463072916667
CGGA,n_1000_c_1000000_g_14_f_0.2_eps_0.1_s_200,8,1008667.0,1008699,0.003172403264006408,1201.5514533519745,553,0,0.02555573767361111
CGGA,n_1000_c_1000000_g_14_f_0.2_eps_0.1_s_200,9,1008670.0,1008699,0.0028749904580058073,1201.2897734642029,550,0,0.02542190850694444
CGGA,n_1000_c_1000000_g_14_f_0.2_eps_0.1_s_200,10,1008672.0,1008699,0.002676715254005407,1200.4631233215332,542,0,0.027190030729166665
CGGA,n_1000_c_1000000_g_14_f_0.2_eps_0.1_s_200,11,1008671.0,1008699,0.002775852856005607,1200.9879696369171,552,0,0.026180322743055554
CGGA,n_1000_c_1000000_g_14_f_0.2_eps_0.1_s_200,12,1008672.0,1008699,0.002676715254005407,1200.2268815040588,549,0,0.026472190104166664
CGGA,n_1000_c_1000000_g_14_f_0.2_eps_0.1_s_200,13,1008659.0,1008699,0.0039655040800080105,1200.6162497997284,551,0,0.015829703645833335
CGGA,n_1000_c_1000000_g_14_f_0.2_eps_0.1_s_200,14,1008672.0,1008699,0.002676715254005407,1201.0569236278534,549,0,0.02675580225694444
CGGA,n_1000_c_1000000_g_14_f_0.2_eps_0.1_s_200,15,1008676.0,1008699,0.002280164846004606,1200.1869530677795,546,0,0.02648614947916667
CGGA,n_1000_c_1000000_g_14_f_0.2_eps_0.1_s_200,16,1008672.0,1008699,0.002676715254005407,1200.1353611946106,549,0,0.026815332638888887
CGGA,n_1000_c_1000000_g_14_f_0.2_eps_0.1_s_200,17,1008665.0,1008699,0.0033706784680068084,1201.621584892273,554,0,0.025837162847222223
CGGA,n_1000_c_1000000_g_14_f_0.2_eps_0.1_s_200,18,1008676.0,1008699,0.002280164846004606,1200.6937990188599,549,0,0.025407876736111112
CGGA,n_1000_c_1000000_g_14_f_0.2_eps_0.1_s_200,19,1008672.0,1008699,0.002676715254005407,1201.493893623352,551,0,0.02592758697916667
CGGA,n_1000_c_1000000_g_14_f_0.2_eps_0.1_s_200,20,1008671.0,1008699,0.002775852856005607,1200.856674194336,554,0,0.0253314140625
CGGA,n_1000_c_1000000_g_14_f_0.2_eps_0.1_s_200,21,1008663.0,1008699,0.003568953672007209,1200.2406492233276,544,0,0.02588893697916667
CGGA,n_1000_c_1000000_g_14_f_0.2_eps_0.1_s_200,22,1008676.0,1008699,0.002280164846004606,1201.9642436504364,550,0,0.02495041041666667
CGGA,n_1000_c_1000000_g_14_f_0.2_eps_0.1_s_200,23,1008673.0,1008699,0.0025775776520052065,1200.0451214313507,547,0,0.02661116805555555
CGGA,n_1000_c_1000000_g_14_f_0.2_eps_0.1_s_200,24,1008668.0,1008699,0.0030732656620062076,1201.7888298034668,553,0,0.026732275173611115
CGGA,n_1000_c_1000000_g_14_f_0.2_eps_0.1_s_200,25,1008660.0,1008699,0.00386636647800781,1201.2004227638245,553,0,0.026459941493055555
CGGA,n_1000_c_1000000_g_14_f_0.2_eps_0.1_s_200,26,1008671.0,1008699,0.002775852856005607,1202.002403974533,545,0,0.021807888541666664
CGGA,n_1000_c_1000000_g_14_f_0.2_eps_0.1_s_200,27,1008672.0,1008699,0.002676715254005407,1200.6669733524323,555,0,0.023635411284722223
CGGA,n_1000_c_1000000_g_14_f_0.2_eps_0.1_s_200,28,1008668.0,1008699,0.0030732656620062076,1200.8825690746307,551,0,0.026037396875
CGGA,n_1000_c_1000000_g_14_f_0.2_eps_0.1_s_200,29,1008668.0,1008699,0.0030732656620062076,1201.8506388664246,547,0,0.0257374609375
WCGGA,n_1000_c_1000000_g_2_f_0.3_eps_1e-05_s_200,0,528690.0,528690,0.0,1202.61891579628,399,0,0.0007286947916666666
WCGGA,n_1000_c_1000000_g_2_f_0.3_eps_1e-05_s_200,1,528690.0,528690,0.0,1200.6097989082336,399,0,0.0007200288194444444
WCGGA,n_1000_c_1000000_g_2_f_0.3_eps_1e-05_s_200,2,528690.0,528690,0.0,1200.4107546806335,402,0,0.0007361899305555555
WCGGA,n_1000_c_1000000_g_2_f_0.3_eps_1e-05_s_200,3,528690.0,528690,0.0,1200.1071054935455,403,0,0.0006815104166666666
WCGGA,n_1000_c_1000000_g_2_f_0.3_eps_1e-05_s_200,4,528690.0,528690,0.0,1200.8644030094147,398,0,0.0007471454861111111
WCGGA,n_1000_c_1000000_g_2_f_0.3_eps_1e-05_s_200,5,528690.0,528690,0.0,1202.5990962982178,402,0,0.0006991375000000001
WCGGA,n_1000_c_1000000_g_2_f_0.3_eps_1e-05_s_200,6,528690.0,528690,0.0,1200.1906135082245,399,0,0.0006972888888888888
WCGGA,n_1000_c_1000000_g_2_f_0.3_eps_1e-05_s_200,7,528690.0,528690,0.0,1200.3120093345642,398,0,0.0007444024305555554
WCGGA,n_1000_c_1000000_g_2_f_0.3_eps_1e-05_s_200,8,528690.0,528690,0.0,1200.0422067642212,397,0,0.0007889569444444445
WCGGA,n_1000_c_1000000_g_2_f_0.3_eps_1e-05_s_200,9,528690.0,528690,0.0,1201.7386333942413,402,0,0.000689465625
WCGGA,n_1000_c_1000000_g_2_f_0.3_eps_1e-05_s_200,10,528690.0,528690,0.0,1200.807327747345,397,0,0.0007750277777777779
WCGGA,n_1000_c_1000000_g_2_f_0.3_eps_1e-05_s_200,11,528690.0,528690,0.0,1202.298003435135,404,0,0.0006396895833333334
WCGGA,n_1000_c_1000000_g_2_f_0.3_eps_1e-05_s_200,12,528690.0,528690,0.0,1202.5502772331238,399,0,0.0007768729166666667
WCGGA,n_1000_c_1000000_g_2_f_0.3_eps_1e-05_s_200,13,528690.0,528690,0.0,1200.0707488059998,399,0,0.0007036576388888888
WCGGA,n_1000_c_1000000_g_2_f_0.3_eps_1e-05_s_200,14,528690.0,528690,0.0,1201.7422304153442,401,0,0.0006799024305555555
WCGGA,n_1000_c_1000000_g_2_f_0.3_eps_1e-05_s_200,15,528690.0,528690,0.0,1201.8142075538635,399,0,0.0007701895833333333
WCGGA,n_1000_c_1000000_g_2_f_0.3_eps_1e-05_s_200,16,528690.0,528690,0.0,1200.2525663375854,398,0,0.0007516694444444445
WCGGA,n_1000_c_1000000_g_2_f_0.3_eps_1e-05_s_200,17,528690.0,528690,0.0,1200.1381528377533,398,0,0.0007606909722222223
WCGGA,n_1000_c_1000000_g_2_f_0.3_eps_1e-05_s_200,18,528690.0,528690,0.0,1200.3499312400818,401,0,0.0006932920138888888
WCGGA,n_1000_c_1000000_g_2_f_0.3_eps_1e-05_s_200,19,528690.0,528690,0.0,1200.7861387729645,401,0,0.0006903388888888888
WCGGA,n_1000_c_1000000_g_2_f_0.3_eps_1e-05_s_200,20,528690.0,528690,0.0,1202.5319447517395,400,0,0.0007259163194444445
WCGGA,n_1000_c_1000000_g_2_f_0.3_eps_1e-05_s_200,21,528690.0,528690,0.0,1202.1449782848358,400,0,0.0006945677083333333
WCGGA,n_1000_c_1000000_g_2_f_0.3_eps_1e-05_s_200,22,528690.0,528690,0.0,1200.6779696941376,402,0,0.0007088687499999999
WCGGA,n_1000_c_1000000_g_2_f_0.3_eps_1e-05_s_200,23,528690.0,528690,0.0,1200.2336633205414,399,0,0.000703846875
WCGGA,n_1000_c_1000000_g_2_f_0.3_eps_1e-05_s_200,24,528690.0,528690,0.0,1201.4326014518738,400,0,0.0007131777777777778
WCGGA,n_1000_c_1000000_g_2_f_0.3_eps_1e-05_s_200,25,528690.0,528690,0.0,1202.7260251045227,399,0,0.0007244861111111112
WCGGA,n_1000_c_1000000_g_2_f_0.3_eps_1e-05_s_200,26,528690.0,528690,0.0,1202.6642775535583,402,0,0.0006767684027777778
WCGGA,n_1000_c_1000000_g_2_f_0.3_eps_1e-05_s_200,27,528690.0,528690,0.0,1202.411859512329,403,0,0.0006432597222222222
WCGGA,n_1000_c_1000000_g_2_f_0.3_eps_1e-05_s_200,28,528690.0,528690,0.0,1202.477077960968,400,0,0.0007060315972222222
WCGGA,n_1000_c_1000000_g_2_f_0.3_eps_1e-05_s_200,29,528690.0,528690,0.0,1200.467290878296,399,0,0.0007828468750000001
CGGA,n_1000_c_1000000_g_2_f_0.3_eps_1e-05_s_200,0,528690.0,528690,0.0,1200.5380854606628,399,0,0.0009378312500000001
CGGA,n_1000_c_1000000_g_2_f_0.3_eps_1e-05_s_200,1,528690.0,528690,0.0,1201.6917340755463,401,0,0.0009559076388888887
CGGA,n_1000_c_1000000_g_2_f_0.3_eps_1e-05_s_200,2,528690.0,528690,0.0,1200.9864745140076,398,0,0.0009579833333333333
CGGA,n_1000_c_1000000_g_2_f_0.3_eps_1e-05_s_200,3,528690.0,528690,0.0,1201.224463224411,398,0,0.0009738378472222222
CGGA,n_1000_c_1000000_g_2_f_0.3_eps_1e-05_s_200,4,528690.0,528690,0.0,1202.743439912796,403,0,0.0009243555555555556
CGGA,n_1000_c_1000000_g_2_f_0.3_eps_1e-05_s_200,5,528690.0,528690,0.0,1200.2946319580078,402,0,0.0009397413194444444
CGGA,n_1000_c_1000000_g_2_f_0.3_eps_1e-05_s_200,6,528690.0,528690,0.0,1200.983172416687,399,0,0.0009459041666666666
CGGA,n_1000_c_1000000_g_2_f_0.3_eps_1e-05_s_200,7,528690.0,528690,0.0,1201.6359839439392,400,0,0.0009313597222222223
CGGA,n_1000_c_1000000_g_2_f_0.3_eps_1e-05_s_200,8,528690.0,528690,0.0,1200.746871471405,399,0,0.0009477843750000001
CGGA,n_1000_c_1000000_g_2_f_0.3_eps_1e-05_s_200,9,528690.0,528690,0.0,1200.410798072815,401,0,0.0009344718750000001
CGGA,n_1000_c_1000000_g_2_f_0.3_eps_1e-05_s_200,10,528690.0,528690,0.0,1200.4617898464203,399,0,0.0009509385416666667
CGGA,n_1000_c_1000000_g_2_f_0.3_eps_1e-05_s_200,11,528690.0,528690,0.0,1201.888696193695,398,0,0.0009637576388888891
CGGA,n_1000_c_1000000_g_2_f_0.3_eps_1e-05_s_200,12,528690.0,528690,0.0,1202.5307297706604,403,0,0.0009326743055555556
CGGA,n_1000_c_1000000_g_2_f_0.3_eps_1e-05_s_200,13,528690.0,528690,0.0,1200.6518127918243,400,0,0.0009442625000000001
CGGA,n_1000_c_1000000_g_2_f_0.3_eps_1e-05_s_200,14,528690.0,528690,0.0,1200.241272687912,388,0,0.000995028125
CGGA,n_1000_c_1000000_g_2_f_0.3_eps_1e-05_s_200,15,528690.0,528690,0.0,1200.2096569538116,389,0,0.0009775621527777778
CGGA,n_1000_c_1000000_g_2_f_0.3_eps_1e-05_s_200,16,528690.0,528690,0.0,1202.7677574157715,390,0,0.0009798149305555556
CGGA,n_1000_c_1000000_g_2_f_0.3_eps_1e-05_s_200,17,528690.0,528690,0.0,1200.432326078415,391,0,0.0009800211805555555
CGGA,n_1000_c_1000000_g_2_f_0.3_eps_1e-05_s_200,18,528690.0,528690,0.0,1201.5841674804688,389,0,0.0009801625
CGGA,n_1000_c_1000000_g_2_f_0.3_eps_1e-05_s_200,19,528690.0,528690,0.0,1200.0496113300323,388,0,0.0009872770833333335
CGGA,n_1000_c_1000000_g_2_f_0.3_eps_1e-05_s_200,20,528690.0,528690,0.0,1202.4581773281097,392,0,0.000985973263888889
CGGA,n_1000_c_1000000_g_2_f_0.3_eps_1e-05_s_200,21,528690.0,528690,0.0,1201.4087846279144,393,0,0.0009663364583333335
CGGA,n_1000_c_1000000_g_2_f_0.3_eps_1e-05_s_200,22,528690.0,528690,0.0,1200.0925500392914,399,0,0.0009606281250000001
CGGA,n_1000_c_1000000_g_2_f_0.3_eps_1e-05_s_200,23,528690.0,528690,0.0,1202.275737285614,401,0,0.0009231927083333334
CGGA,n_1000_c_1000000_g_2_f_0.3_eps_1e-05_s_200,24,528690.0,528690,0.0,1201.699081659317,401,0,0.000927146875
CGGA,n_1000_c_1000000_g_2_f_0.3_eps_1e-05_s_200,25,528690.0,528690,0.0,1202.509488582611,403,0,0.0009302576388888888
CGGA,n_1000_c_1000000_g_2_f_0.3_eps_1e-05_s_200,26,528690.0,528690,0.0,1201.3465948104858,399,0,0.0009450965277777777
CGGA,n_1000_c_1000000_g_2_f_0.3_eps_1e-05_s_200,27,528690.0,528690,0.0,1201.369719028473,398,0,0.0009534625000000001
CGGA,n_1000_c_1000000_g_2_f_0.3_eps_1e-05_s_200,28,528690.0,528690,0.0,1201.1618919372559,401,0,0.0009363350694444445
CGGA,n_1000_c_1000000_g_2_f_0.3_eps_1e-05_s_200,29,528690.0,528690,0.0,1201.6347472667694,402,0,0.0009630770833333334
WCGGA,n_600_c_100000000_g_2_f_0.3_eps_0.01_s_300,0,51026718.0,51026718,0.0,1200.5777513980865,722,0,0.0011132372685185186
WCGGA,n_600_c_100000000_g_2_f_0.3_eps_0.01_s_300,1,51026718.0,51026718,0.0,1200.8771629333496,727,0,0.0011148188657407409
WCGGA,n_600_c_100000000_g_2_f_0.3_eps_0.01_s_300,2,51026718.0,51026718,0.0,1201.28555393219,723,0,0.0011132320601851852
WCGGA,n_600_c_100000000_g_2_f_0.3_eps_0.01_s_300,3,51026718.0,51026718,0.0,1200.2831044197083,721,0,0.0011138321759259259
WCGGA,n_600_c_100000000_g_2_f_0.3_eps_0.01_s_300,4,51026718.0,51026718,0.0,1200.3711297512054,722,0,0.0011124583333333334
WCGGA,n_600_c_100000000_g_2_f_0.3_eps_0.01_s_300,5,51026718.0,51026718,0.0,1200.4678921699524,721,0,0.001114130787037037
WCGGA,n_600_c_100000000_g_2_f_0.3_eps_0.01_s_300,6,51026718.0,51026718,0.0,1200.2305445671082,727,0,0.001112362847222222
WCGGA,n_600_c_100000000_g_2_f_0.3_eps_0.01_s_300,7,51026718.0,51026718,0.0,1200.7636759281158,727,0,0.0011142256944444446
WCGGA,n_600_c_100000000_g_2_f_0.3_eps_0.01_s_300,8,51026718.0,51026718,0.0,1200.6336798667908,717,0,0.0011188420138888888
WCGGA,n_600_c_100000000_g_2_f_0.3_eps_0.01_s_300,9,51026718.0,51026718,0.0,1200.1139087677002,721,0,0.0011156371527777777
WCGGA,n_600_c_100000000_g_2_f_0.3_eps_0.01_s_300,10,51026718.0,51026718,0.0,1201.2263522148132,718,0,0.001119306712962963
WCGGA,n_600_c_100000000_g_2_f_0.3_eps_0.01_s_300,11,51026718.0,51026718,0.0,1201.357345342636,716,0,0.0011166400462962963
WCGGA,n_600_c_100000000_g_2_f_0.3_eps_0.01_s_300,12,51026718.0,51026718,0.0,1201.5140399932861,718,0,0.001116152199074074
WCGGA,n_600_c_100000000_g_2_f_0.3_eps_0.01_s_300,13,51026718.0,51026718,0.0,1200.8651514053345,717,0,0.0011157366898148146
WCGGA,n_600_c_100000000_g_2_f_0.3_eps_0.01_s_300,14,51026718.0,51026718,0.0,1201.3386363983154,722,0,0.0011152598379629629
WCGGA,n_600_c_100000000_g_2_f_0.3_eps_0.01_s_300,15,51026718.0,51026718,0.0,1200.68132686615,723,0,0.0011154774305555555
WCGGA,n_600_c_100000000_g_2_f_0.3_eps_0.01_s_300,16,51026718.0,51026718,0.0,1200.048945903778,723,0,0.0011117152777777777
WCGGA,n_600_c_100000000_g_2_f_0.3_eps_0.01_s_300,17,51026718.0,51026718,0.0,1200.3592791557312,729,0,0.0011115364583333333
WCGGA,n_600_c_100000000_g_2_f_0.3_eps_0.01_s_300,18,51026718.0,51026718,0.0,1200.630137681961,722,0,0.0011148946759259259
WCGGA,n_600_c_100000000_g_2_f_0.3_eps_0.01_s_300,19,51026718.0,51026718,0.0,1200.4246327877045,724,0,0.001115101851851852
WCGGA,n_600_c_100000000_g_2_f_0.3_eps_0.01_s_300,20,51026718.0,51026718,0.0,1200.9811418056488,724,0,0.0011126614583333336
WCGGA,n_600_c_100000000_g_2_f_0.3_eps_0.01_s_300,21,51026718.0,51026718,0.0,1200.1699512004852,721,0,0.0011166817129629628
WCGGA,n_600_c_100000000_g_2_f_0.3_eps_0.01_s_300,22,51026718.0,51026718,0.0,1201.366465806961,727,0,0.0011113582175925928
WCGGA,n_600_c_100000000_g_2_f_0.3_eps_0.01_s_300,23,51026718.0,51026718,0.0,1200.4352405071259,728,0,0.0011135173611111111
WCGGA,n_600_c_100000000_g_2_f_0.3_eps_0.01_s_300,24,51026718.0,51026718,0.0,1201.4857745170593,723,0,0.0011140578703703703
WCGGA,n_600_c_100000000_g_2_f_0.3_eps_0.01_s_300,25,51026718.0,51026718,0.0,1200.4665427207947,727,0,0.0011136400462962962
WCGGA,n_600_c_100000000_g_2_f_0.3_eps_0.01_s_300,26,51026718.0,51026718,0.0,1200.771935224533,724,0,0.0011119918981481482
WCGGA,n_600_c_100000000_g_2_f_0.3_eps_0.01_s_300,27,51026718.0,51026718,0.0,1200.064944267273,722,0,0.0011178680555555555
WCGGA,n_600_c_100000000_g_2_f_0.3_eps_0.01_s_300,28,51026718.0,51026718,0.0,1201.2459969520569,724,0,0.0011119380787037037
WCGGA,n_600_c_100000000_g_2_f_0.3_eps_0.01_s_300,29,51026718.0,51026718,0.0,1201.4491860866547,723,0,0.0011158292824074074
CGGA,n_600_c_100000000_g_2_f_0.3_eps_0.01_s_300,0,51026718.0,51026718,0.0,1200.8438289165497,729,0,0.0012007465277777778
CGGA,n_600_c_100000000_g_2_f_0.3_eps_0.01_s_300,1,51026718.0,51026718,0.0,1200.1039469242096,727,0,0.0012196140046296295
CGGA,n_600_c_100000000_g_2_f_0.3_eps_0.01_s_300,2,51026718.0,51026718,0.0,1200.8227155208588,723,0,0.001255630208333333
CGGA,n_600_c_100000000_g_2_f_0.3_eps_0.01_s_300,3,51026718.0,51026718,0.0,1201.026943206787,728,0,0.0012152997685185186
CGGA,n_600_c_100000000_g_2_f_0.3_eps_0.01_s_300,4,51026718.0,51026718,0.0,1201.1937322616577,724,0,0.0012403350694444445
CGGA,n_600_c_100000000_g_2_f_0.3_eps_0.01_s_300,5,51026718.0,51026718,0.0,1200.7890536785126,725,0,0.001235149884259259
CGGA,n_600_c_100000000_g_2_f_0.3_eps_0.01_s_300,6,51026718.0,51026718,0.0,1201.2446556091309,722,0,0.001258633101851852
CGGA,n_600_c_100000000_g_2_f_0.3_eps_0.01_s_300,7,51026718.0,51026718,0.0,1201.367868900299,723,0,0.0012517708333333333
CGGA,n_600_c_100000000_g_2_f_0.3_eps_0.01_s_300,8,51026718.0,51026718,0.0,1200.7404313087463,727,0,0.0012290052083333333
CGGA,n_600_c_100000000_g_2_f_0.3_eps_0.01_s_300,9,51026718.0,51026718,0.0,1200.6570296287537,728,0,0.0012109635416666666
CGGA,n_600_c_100000000_g_2_f_0.3_eps_0.01_s_300,10,51026718.0,51026718,0.0,1200.403841495514,722,0,0.0012555219907407406
CGGA,n_600_c_100000000_g_2_f_0.3_eps_0.01_s_300,11,51026718.0,51026718,0.0,1200.674100637436,727,0,0.0012288738425925926
CGGA,n_600_c_100000000_g_2_f_0.3_eps_0.01_s_300,12,51026718.0,51026718,0.0,1201.115247964859,725,0,0.001249191550925926
CGGA,n_600_c_100000000_g_2_f_0.3_eps_0.01_s_300,13,51026718.0,51026718,0.0,1200.1297497749329,722,0,0.0012478096064814815
CGGA,n_600_c_100000000_g_2_f_0.3_eps_0.01_s_300,14,51026718.0,51026718,0.0,1200.25506067276,724,0,0.0012789947916666666
CGGA,n_600_c_100000000_g_2_f_0.3_eps_0.01_s_300,15,51026718.0,51026718,0.0,1200.3912463188171,722,0,0.0012443327546296297
CGGA,n_600_c_100000000_g_2_f_0.3_eps_0.01_s_300,16,51026718.0,51026718,0.0,1200.1567401885986,726,0,0.0012283935185185184
CGGA,n_600_c_100000000_g_2_f_0.3_eps_0.01_s_300,17,51026718.0,51026718,0.0,1201.048231124878,729,0,0.0012192216435185184
CGGA,n_600_c_100000000_g_2_f_0.3_eps_0.01_s_300,18,51026718.0,51026718,0.0,1201.2784669399261,724,0,0.0012375833333333332
CGGA,n_600_c_100000000_g_2_f_0.3_eps_0.01_s_300,19,51026718.0,51026718,0.0,1200.7916696071625,729,0,0.0012166284722222222
CGGA,n_600_c_100000000_g_2_f_0.3_eps_0.01_s_300,20,51026718.0,51026718,0.0,1200.9476959705353,723,0,0.0012517731481481481
CGGA,n_600_c_100000000_g_2_f_0.3_eps_0.01_s_300,21,51026718.0,51026718,0.0,1201.3384125232697,724,0,0.0012451950231481483
CGGA,n_600_c_100000000_g_2_f_0.3_eps_0.01_s_300,22,51026718.0,51026718,0.0,1200.2629578113556,723,0,0.001231537037037037
CGGA,n_600_c_100000000_g_2_f_0.3_eps_0.01_s_300,23,51026718.0,51026718,0.0,1200.5730543136597,721,0,0.0012682164351851852
CGGA,n_600_c_100000000_g_2_f_0.3_eps_0.01_s_300,24,51026718.0,51026718,0.0,1200.626785516739,727,0,0.0012214618055555555
CGGA,n_600_c_100000000_g_2_f_0.3_eps_0.01_s_300,25,51026718.0,51026718,0.0,1200.4719915390015,730,0,0.0012066944444444445
CGGA,n_600_c_100000000_g_2_f_0.3_eps_0.01_s_300,26,51026718.0,51026718,0.0,1203.742444038391,826,0,0.0016576736111111113
CGGA,n_600_c_100000000_g_2_f_0.3_eps_0.01_s_300,27,51026718.0,51026718,0.0,1200.4055211544037,823,0,0.0011388611111111109
CGGA,n_600_c_100000000_g_2_f_0.3_eps_0.01_s_300,28,51026718.0,51026718,0.0,1201.2194533348083,826,0,0.0016578015046296297
CGGA,n_600_c_100000000_g_2_f_0.3_eps_0.01_s_300,29,51026718.0,51026718,0.0,1201.2582051753998,818,0,0.0011515515046296298
